[{"model": "contenttypes.contenttype", "pk": 1, "fields": {"app_label": "admin", "model": "logentry"}}, {"model": "contenttypes.contenttype", "pk": 2, "fields": {"app_label": "auth", "model": "permission"}}, {"model": "contenttypes.contenttype", "pk": 3, "fields": {"app_label": "auth", "model": "group"}}, {"model": "contenttypes.contenttype", "pk": 4, "fields": {"app_label": "auth", "model": "user"}}, {"model": "contenttypes.contenttype", "pk": 5, "fields": {"app_label": "contenttypes", "model": "contenttype"}}, {"model": "contenttypes.contenttype", "pk": 6, "fields": {"app_label": "sessions", "model": "session"}}, {"model": "contenttypes.contenttype", "pk": 7, "fields": {"app_label": "Hiragana", "model": "hiragana"}}, {"model": "contenttypes.contenttype", "pk": 8, "fields": {"app_label": "Hiragana", "model": "levels"}}, {"model": "contenttypes.contenttype", "pk": 9, "fields": {"app_label": "Hiragana", "model": "stats"}}, {"model": "sessions.session", "pk": "4bqz29lyaaozx9nw69ep5m7fmrjmgh16", "fields": {"session_data": "NjE5MmE0YWQ5YWU0ODIwZmNjZjQ0Y2UzMTE0ZGJjZmFmNjU2MTFkNzp7Il9hdXRoX3VzZXJfaWQiOiIxIiwiX2F1dGhfdXNlcl9iYWNrZW5kIjoiZGphbmdvLmNvbnRyaWIuYXV0aC5iYWNrZW5kcy5Nb2RlbEJhY2tlbmQiLCJfYXV0aF91c2VyX2hhc2giOiJjM2EzZjc2MmI1Zjc5Nzg3MmEyN2Q5OGNkMGQ0OWJlNTQxMDNmYTRhIn0=", "expire_date": "2019-03-27T16:42:22.477Z"}}, {"model": "sessions.session", "pk": "iytmsu94dzr76gqf704x4ittgnwijof9", "fields": {"session_data": "Nzk5NjQ2NmQxMzY2YmI1ODdjNzI4OGI1ZjQxZDBlOWJhODhiODgzNTp7fQ==", "expire_date": "2019-04-01T13:16:03.762Z"}}, {"model": "sessions.session", "pk": "myldjj844gspv35cvps8689s8fpiiqn3", "fields": {"session_data": "NDY2OGMxZWE1ZDhkODdhYjExNmU4YTFlNGNlYjIyMzllNTI5MGMwOTp7Il9hdXRoX3VzZXJfaWQiOiIxMyIsIl9hdXRoX3VzZXJfYmFja2VuZCI6ImRqYW5nby5jb250cmliLmF1dGguYmFja2VuZHMuTW9kZWxCYWNrZW5kIiwiX2F1dGhfdXNlcl9oYXNoIjoiZmFkZDBmZDRlMGI1MmIzNzg5ZDljNjkzNGZmZGNkNzc3ZjBhNjllNyJ9", "expire_date": "2019-03-31T12:36:20.904Z"}}, {"model": "sessions.session", "pk": "qlb17v8on27j1e0p8xlrzu077y7sxtov", "fields": {"session_data": "NDY2OGMxZWE1ZDhkODdhYjExNmU4YTFlNGNlYjIyMzllNTI5MGMwOTp7Il9hdXRoX3VzZXJfaWQiOiIxMyIsIl9hdXRoX3VzZXJfYmFja2VuZCI6ImRqYW5nby5jb250cmliLmF1dGguYmFja2VuZHMuTW9kZWxCYWNrZW5kIiwiX2F1dGhfdXNlcl9oYXNoIjoiZmFkZDBmZDRlMGI1MmIzNzg5ZDljNjkzNGZmZGNkNzc3ZjBhNjllNyJ9", "expire_date": "2019-03-30T07:41:52.637Z"}}, {"model": "sessions.session", "pk": "tm6mx0964dxyikxrnojfc9kd9m5stk7n", "fields": {"session_data": "YmIzNzAzY2Q1ZjdkYjQ2M2FiMzIxNGY0ZThhNWZkMjIxOWYyMDU4Njp7Il9hdXRoX3VzZXJfaWQiOiIxIiwiX2F1dGhfdXNlcl9iYWNrZW5kIjoiZGphbmdvLmNvbnRyaWIuYXV0aC5iYWNrZW5kcy5Nb2RlbEJhY2tlbmQiLCJfYXV0aF91c2VyX2hhc2giOiJjM2EzZjc2MmI1Zjc5Nzg3MmEyN2Q5OGNkMGQ0OWJlNTQxMDNmYTRhIiwicG9pbnRzIjozfQ==", "expire_date": "2019-04-25T18:34:48.847Z"}}, {"model": "sessions.session", "pk": "xvyyz41bvaazauu3cl40k9wsxkqo8wcm", "fields": {"session_data": "ZTQ1OTQyYTVlNmM5ZGFiOTc2MmQ2OGRhMWI5MGFmZDg3NzdlNzAzMTp7Il9hdXRoX3VzZXJfaWQiOiI0IiwiX2F1dGhfdXNlcl9iYWNrZW5kIjoiZGphbmdvLmNvbnRyaWIuYXV0aC5iYWNrZW5kcy5Nb2RlbEJhY2tlbmQiLCJfYXV0aF91c2VyX2hhc2giOiIwNjg3Y2E3ODc5M2I0MDNkMDJkMTNlZjFkMzI3ZWVkZWJmMGJkNDEwIn0=", "expire_date": "2019-03-28T09:44:49.660Z"}}, {"model": "sessions.session", "pk": "z657kd1adh9i61kw6xqlzq9aumkzjj7e", "fields": {"session_data": "MzRjOWVlOGE3MmZiYTYxYTVkOTI2MDdlMDIyN2NhZjYxMGZiYjliMTp7Il9hdXRoX3VzZXJfaWQiOiIyOSIsIl9hdXRoX3VzZXJfYmFja2VuZCI6ImRqYW5nby5jb250cmliLmF1dGguYmFja2VuZHMuTW9kZWxCYWNrZW5kIiwiX2F1dGhfdXNlcl9oYXNoIjoiY2NkYmQ5MDBiOGJlZGNmMjMxMWZhMjFjNDgyZWFlMGMwYzUyMzA4NyIsInBvaW50cyI6MH0=", "expire_date": "2019-04-09T18:30:14.339Z"}}, {"model": "Hiragana.hiragana", "pk": 1, "fields": {"sign": "\u3042", "pronunciation": "a"}}, {"model": "Hiragana.hiragana", "pk": 2, "fields": {"sign": "\u3044", "pronunciation": "i"}}, {"model": "Hiragana.hiragana", "pk": 3, "fields": {"sign": "\u3046", "pronunciation": "u"}}, {"model": "Hiragana.hiragana", "pk": 4, "fields": {"sign": "\u3048", "pronunciation": "e"}}, {"model": "Hiragana.hiragana", "pk": 5, "fields": {"sign": "\u304a", "pronunciation": "o"}}, {"model": "Hiragana.hiragana", "pk": 6, "fields": {"sign": "\u304b", "pronunciation": "ka"}}, {"model": "Hiragana.hiragana", "pk": 7, "fields": {"sign": "\u304d", "pronunciation": "ki"}}, {"model": "Hiragana.hiragana", "pk": 8, "fields": {"sign": "\u304f", "pronunciation": "ku"}}, {"model": "Hiragana.hiragana", "pk": 9, "fields": {"sign": "\u3051", "pronunciation": "ke"}}, {"model": "Hiragana.hiragana", "pk": 10, "fields": {"sign": "\u3053", "pronunciation": "ko"}}, {"model": "Hiragana.hiragana", "pk": 11, "fields": {"sign": "\u3055", "pronunciation": "sa"}}, {"model": "Hiragana.hiragana", "pk": 12, "fields": {"sign": "\u3057", "pronunciation": "shi"}}, {"model": "Hiragana.hiragana", "pk": 13, "fields": {"sign": "\u3059", "pronunciation": "su"}}, {"model": "Hiragana.hiragana", "pk": 14, "fields": {"sign": "\u305b", "pronunciation": "se"}}, {"model": "Hiragana.hiragana", "pk": 15, "fields": {"sign": "\u305d", "pronunciation": "so"}}, {"model": "Hiragana.hiragana", "pk": 16, "fields": {"sign": "\u305f", "pronunciation": "ta"}}, {"model": "Hiragana.hiragana", "pk": 17, "fields": {"sign": "\u3061", "pronunciation": "chi"}}, {"model": "Hiragana.hiragana", "pk": 18, "fields": {"sign": "\u3064", "pronunciation": "tsu"}}, {"model": "Hiragana.hiragana", "pk": 19, "fields": {"sign": "\u3066", "pronunciation": "te"}}, {"model": "Hiragana.hiragana", "pk": 20, "fields": {"sign": "\u3068", "pronunciation": "to"}}, {"model": "Hiragana.hiragana", "pk": 21, "fields": {"sign": "\u306a", "pronunciation": "na"}}, {"model": "Hiragana.hiragana", "pk": 22, "fields": {"sign": "\u306b", "pronunciation": "ni"}}, {"model": "Hiragana.hiragana", "pk": 23, "fields": {"sign": "\u306c", "pronunciation": "nu"}}, {"model": "Hiragana.hiragana", "pk": 24, "fields": {"sign": "\u306d", "pronunciation": "ne"}}, {"model": "Hiragana.hiragana", "pk": 25, "fields": {"sign": "\u306e", "pronunciation": "no"}}, {"model": "Hiragana.hiragana", "pk": 26, "fields": {"sign": "\u306f", "pronunciation": "ha"}}, {"model": "Hiragana.hiragana", "pk": 27, "fields": {"sign": "\u3072", "pronunciation": "hi"}}, {"model": "Hiragana.hiragana", "pk": 28, "fields": {"sign": "\u3075", "pronunciation": "fu"}}, {"model": "Hiragana.hiragana", "pk": 29, "fields": {"sign": "\u3078", "pronunciation": "he"}}, {"model": "Hiragana.hiragana", "pk": 30, "fields": {"sign": "\u307b", "pronunciation": "ho"}}, {"model": "Hiragana.hiragana", "pk": 31, "fields": {"sign": "\u307e", "pronunciation": "ma"}}, {"model": "Hiragana.hiragana", "pk": 32, "fields": {"sign": "\u307f", "pronunciation": "mi"}}, {"model": "Hiragana.hiragana", "pk": 33, "fields": {"sign": "\u3080", "pronunciation": "mu"}}, {"model": "Hiragana.hiragana", "pk": 34, "fields": {"sign": "\u3081", "pronunciation": "me"}}, {"model": "Hiragana.hiragana", "pk": 35, "fields": {"sign": "\u3082", "pronunciation": "mo"}}, {"model": "Hiragana.hiragana", "pk": 36, "fields": {"sign": "\u3084", "pronunciation": "ya"}}, {"model": "Hiragana.hiragana", "pk": 37, "fields": {"sign": "\u3086", "pronunciation": "yu"}}, {"model": "Hiragana.hiragana", "pk": 38, "fields": {"sign": "\u3088", "pronunciation": "yo"}}, {"model": "Hiragana.hiragana", "pk": 39, "fields": {"sign": "\u3089", "pronunciation": "ra"}}, {"model": "Hiragana.hiragana", "pk": 40, "fields": {"sign": "\u308a", "pronunciation": "ri"}}, {"model": "Hiragana.hiragana", "pk": 41, "fields": {"sign": "\u308b", "pronunciation": "ru"}}, {"model": "Hiragana.hiragana", "pk": 42, "fields": {"sign": "\u308c", "pronunciation": "re"}}, {"model": "Hiragana.hiragana", "pk": 43, "fields": {"sign": "\u308d", "pronunciation": "ro"}}, {"model": "Hiragana.hiragana", "pk": 44, "fields": {"sign": "\u308f", "pronunciation": "wa"}}, {"model": "Hiragana.hiragana", "pk": 45, "fields": {"sign": "\u3092", "pronunciation": "o"}}, {"model": "Hiragana.hiragana", "pk": 46, "fields": {"sign": "\u3093", "pronunciation": "n"}}, {"model": "Hiragana.hiragana", "pk": 52, "fields": {"sign": "\u304c", "pronunciation": "ga"}}, {"model": "Hiragana.hiragana", "pk": 53, "fields": {"sign": "\u304e", "pronunciation": "gi"}}, {"model": "Hiragana.hiragana", "pk": 54, "fields": {"sign": "\u3050", "pronunciation": "gu"}}, {"model": "Hiragana.hiragana", "pk": 55, "fields": {"sign": "\u3052", "pronunciation": "ge"}}, {"model": "Hiragana.hiragana", "pk": 56, "fields": {"sign": "\u3054", "pronunciation": "go"}}, {"model": "Hiragana.hiragana", "pk": 57, "fields": {"sign": "\u3056", "pronunciation": "za"}}, {"model": "Hiragana.hiragana", "pk": 58, "fields": {"sign": "\u3058", "pronunciation": "ji"}}, {"model": "Hiragana.hiragana", "pk": 59, "fields": {"sign": "\u305a", "pronunciation": "zu"}}, {"model": "Hiragana.hiragana", "pk": 60, "fields": {"sign": "\u305c", "pronunciation": "ze"}}, {"model": "Hiragana.hiragana", "pk": 61, "fields": {"sign": "\u305e", "pronunciation": "zo"}}, {"model": "Hiragana.hiragana", "pk": 62, "fields": {"sign": "\u3060", "pronunciation": "da"}}, {"model": "Hiragana.hiragana", "pk": 63, "fields": {"sign": "\u3062", "pronunciation": "ji"}}, {"model": "Hiragana.hiragana", "pk": 64, "fields": {"sign": "\u3065", "pronunciation": "zu"}}, {"model": "Hiragana.hiragana", "pk": 65, "fields": {"sign": "\u3067", "pronunciation": "de"}}, {"model": "Hiragana.hiragana", "pk": 66, "fields": {"sign": "\u3069", "pronunciation": "do"}}, {"model": "Hiragana.hiragana", "pk": 67, "fields": {"sign": "\u3070", "pronunciation": "ba"}}, {"model": "Hiragana.hiragana", "pk": 68, "fields": {"sign": "\u3073", "pronunciation": "bi"}}, {"model": "Hiragana.hiragana", "pk": 69, "fields": {"sign": "\u3076", "pronunciation": "bu"}}, {"model": "Hiragana.hiragana", "pk": 70, "fields": {"sign": "\u3079", "pronunciation": "be"}}, {"model": "Hiragana.hiragana", "pk": 71, "fields": {"sign": "\u307c", "pronunciation": "bo"}}, {"model": "Hiragana.hiragana", "pk": 72, "fields": {"sign": "\u3071", "pronunciation": "pa"}}, {"model": "Hiragana.hiragana", "pk": 73, "fields": {"sign": "\u3074", "pronunciation": "pi"}}, {"model": "Hiragana.hiragana", "pk": 74, "fields": {"sign": "\u3077", "pronunciation": "pu"}}, {"model": "Hiragana.hiragana", "pk": 75, "fields": {"sign": "\u307a", "pronunciation": "pe"}}, {"model": "Hiragana.hiragana", "pk": 76, "fields": {"sign": "\u307d", "pronunciation": "po"}}, {"model": "Hiragana.levels", "pk": 1, "fields": {"preset": 0, "memo": 1}}, {"model": "Hiragana.levels", "pk": 2, "fields": {"preset": 0, "memo": 2}}, {"model": "Hiragana.levels", "pk": 3, "fields": {"preset": 0, "memo": 3}}, {"model": "Hiragana.levels", "pk": 4, "fields": {"preset": 0, "memo": 4}}, {"model": "Hiragana.levels", "pk": 5, "fields": {"preset": 0, "memo": 5}}, {"model": "Hiragana.levels", "pk": 6, "fields": {"preset": 0, "memo": 6}}, {"model": "Hiragana.levels", "pk": 7, "fields": {"preset": 0, "memo": 7}}, {"model": "Hiragana.levels", "pk": 8, "fields": {"preset": 0, "memo": 8}}, {"model": "Hiragana.levels", "pk": 9, "fields": {"preset": 0, "memo": 9}}, {"model": "Hiragana.levels", "pk": 10, "fields": {"preset": 0, "memo": 10}}, {"model": "Hiragana.levels", "pk": 11, "fields": {"preset": 0, "memo": 11}}, {"model": "Hiragana.levels", "pk": 12, "fields": {"preset": 0, "memo": 12}}, {"model": "Hiragana.levels", "pk": 13, "fields": {"preset": 0, "memo": 13}}, {"model": "Hiragana.levels", "pk": 14, "fields": {"preset": 0, "memo": 14}}, {"model": "Hiragana.levels", "pk": 15, "fields": {"preset": 0, "memo": 15}}, {"model": "Hiragana.levels", "pk": 16, "fields": {"preset": 1, "memo": 16}}, {"model": "Hiragana.levels", "pk": 17, "fields": {"preset": 1, "memo": 17}}, {"model": "Hiragana.levels", "pk": 18, "fields": {"preset": 1, "memo": 18}}, {"model": "Hiragana.levels", "pk": 19, "fields": {"preset": 1, "memo": 19}}, {"model": "Hiragana.levels", "pk": 20, "fields": {"preset": 1, "memo": 20}}, {"model": "Hiragana.levels", "pk": 21, "fields": {"preset": 1, "memo": 21}}, {"model": "Hiragana.levels", "pk": 22, "fields": {"preset": 1, "memo": 22}}, {"model": "Hiragana.levels", "pk": 23, "fields": {"preset": 1, "memo": 23}}, {"model": "Hiragana.levels", "pk": 24, "fields": {"preset": 1, "memo": 24}}, {"model": "Hiragana.levels", "pk": 25, "fields": {"preset": 1, "memo": 25}}, {"model": "Hiragana.levels", "pk": 26, "fields": {"preset": 1, "memo": 26}}, {"model": "Hiragana.levels", "pk": 27, "fields": {"preset": 1, "memo": 27}}, {"model": "Hiragana.levels", "pk": 28, "fields": {"preset": 1, "memo": 28}}, {"model": "Hiragana.levels", "pk": 29, "fields": {"preset": 1, "memo": 29}}, {"model": "Hiragana.levels", "pk": 30, "fields": {"preset": 1, "memo": 30}}, {"model": "Hiragana.levels", "pk": 31, "fields": {"preset": 2, "memo": 31}}, {"model": "Hiragana.levels", "pk": 32, "fields": {"preset": 2, "memo": 32}}, {"model": "Hiragana.levels", "pk": 33, "fields": {"preset": 2, "memo": 33}}, {"model": "Hiragana.levels", "pk": 34, "fields": {"preset": 2, "memo": 34}}, {"model": "Hiragana.levels", "pk": 35, "fields": {"preset": 2, "memo": 35}}, {"model": "Hiragana.levels", "pk": 36, "fields": {"preset": 2, "memo": 36}}, {"model": "Hiragana.levels", "pk": 37, "fields": {"preset": 2, "memo": 37}}, {"model": "Hiragana.levels", "pk": 38, "fields": {"preset": 2, "memo": 38}}, {"model": "Hiragana.levels", "pk": 39, "fields": {"preset": 2, "memo": 39}}, {"model": "Hiragana.levels", "pk": 40, "fields": {"preset": 2, "memo": 40}}, {"model": "Hiragana.levels", "pk": 41, "fields": {"preset": 2, "memo": 41}}, {"model": "Hiragana.levels", "pk": 42, "fields": {"preset": 2, "memo": 42}}, {"model": "Hiragana.levels", "pk": 43, "fields": {"preset": 2, "memo": 43}}, {"model": "Hiragana.levels", "pk": 44, "fields": {"preset": 2, "memo": 44}}, {"model": "Hiragana.levels", "pk": 45, "fields": {"preset": 2, "memo": 45}}, {"model": "Hiragana.levels", "pk": 46, "fields": {"preset": 3, "memo": 52}}, {"model": "Hiragana.levels", "pk": 47, "fields": {"preset": 3, "memo": 53}}, {"model": "Hiragana.levels", "pk": 48, "fields": {"preset": 3, "memo": 54}}, {"model": "Hiragana.levels", "pk": 49, "fields": {"preset": 3, "memo": 55}}, {"model": "Hiragana.levels", "pk": 50, "fields": {"preset": 3, "memo": 56}}, {"model": "Hiragana.levels", "pk": 51, "fields": {"preset": 3, "memo": 57}}, {"model": "Hiragana.levels", "pk": 52, "fields": {"preset": 3, "memo": 58}}, {"model": "Hiragana.levels", "pk": 53, "fields": {"preset": 3, "memo": 59}}, {"model": "Hiragana.levels", "pk": 54, "fields": {"preset": 3, "memo": 60}}, {"model": "Hiragana.levels", "pk": 55, "fields": {"preset": 3, "memo": 61}}, {"model": "Hiragana.levels", "pk": 56, "fields": {"preset": 3, "memo": 62}}, {"model": "Hiragana.levels", "pk": 57, "fields": {"preset": 3, "memo": 63}}, {"model": "Hiragana.levels", "pk": 58, "fields": {"preset": 3, "memo": 64}}, {"model": "Hiragana.levels", "pk": 59, "fields": {"preset": 3, "memo": 65}}, {"model": "Hiragana.levels", "pk": 60, "fields": {"preset": 3, "memo": 66}}, {"model": "Hiragana.levels", "pk": 61, "fields": {"preset": 3, "memo": 67}}, {"model": "Hiragana.levels", "pk": 62, "fields": {"preset": 3, "memo": 68}}, {"model": "Hiragana.levels", "pk": 63, "fields": {"preset": 3, "memo": 69}}, {"model": "Hiragana.levels", "pk": 64, "fields": {"preset": 3, "memo": 70}}, {"model": "Hiragana.levels", "pk": 65, "fields": {"preset": 3, "memo": 71}}, {"model": "Hiragana.levels", "pk": 66, "fields": {"preset": 3, "memo": 72}}, {"model": "Hiragana.levels", "pk": 67, "fields": {"preset": 3, "memo": 73}}, {"model": "Hiragana.levels", "pk": 68, "fields": {"preset": 3, "memo": 74}}, {"model": "Hiragana.levels", "pk": 69, "fields": {"preset": 3, "memo": 75}}, {"model": "Hiragana.levels", "pk": 70, "fields": {"preset": 3, "memo": 76}}, {"model": "auth.permission", "pk": 1, "fields": {"name": "Can add log entry", "content_type": 1, "codename": "add_logentry"}}, {"model": "auth.permission", "pk": 2, "fields": {"name": "Can change log entry", "content_type": 1, "codename": "change_logentry"}}, {"model": "auth.permission", "pk": 3, "fields": {"name": "Can delete log entry", "content_type": 1, "codename": "delete_logentry"}}, {"model": "auth.permission", "pk": 4, "fields": {"name": "Can view log entry", "content_type": 1, "codename": "view_logentry"}}, {"model": "auth.permission", "pk": 5, "fields": {"name": "Can add permission", "content_type": 2, "codename": "add_permission"}}, {"model": "auth.permission", "pk": 6, "fields": {"name": "Can change permission", "content_type": 2, "codename": "change_permission"}}, {"model": "auth.permission", "pk": 7, "fields": {"name": "Can delete permission", "content_type": 2, "codename": "delete_permission"}}, {"model": "auth.permission", "pk": 8, "fields": {"name": "Can view permission", "content_type": 2, "codename": "view_permission"}}, {"model": "auth.permission", "pk": 9, "fields": {"name": "Can add group", "content_type": 3, "codename": "add_group"}}, {"model": "auth.permission", "pk": 10, "fields": {"name": "Can change group", "content_type": 3, "codename": "change_group"}}, {"model": "auth.permission", "pk": 11, "fields": {"name": "Can delete group", "content_type": 3, "codename": "delete_group"}}, {"model": "auth.permission", "pk": 12, "fields": {"name": "Can view group", "content_type": 3, "codename": "view_group"}}, {"model": "auth.permission", "pk": 13, "fields": {"name": "Can add user", "content_type": 4, "codename": "add_user"}}, {"model": "auth.permission", "pk": 14, "fields": {"name": "Can change user", "content_type": 4, "codename": "change_user"}}, {"model": "auth.permission", "pk": 15, "fields": {"name": "Can delete user", "content_type": 4, "codename": "delete_user"}}, {"model": "auth.permission", "pk": 16, "fields": {"name": "Can view user", "content_type": 4, "codename": "view_user"}}, {"model": "auth.permission", "pk": 17, "fields": {"name": "Can add content type", "content_type": 5, "codename": "add_contenttype"}}, {"model": "auth.permission", "pk": 18, "fields": {"name": "Can change content type", "content_type": 5, "codename": "change_contenttype"}}, {"model": "auth.permission", "pk": 19, "fields": {"name": "Can delete content type", "content_type": 5, "codename": "delete_contenttype"}}, {"model": "auth.permission", "pk": 20, "fields": {"name": "Can view content type", "content_type": 5, "codename": "view_contenttype"}}, {"model": "auth.permission", "pk": 21, "fields": {"name": "Can add session", "content_type": 6, "codename": "add_session"}}, {"model": "auth.permission", "pk": 22, "fields": {"name": "Can change session", "content_type": 6, "codename": "change_session"}}, {"model": "auth.permission", "pk": 23, "fields": {"name": "Can delete session", "content_type": 6, "codename": "delete_session"}}, {"model": "auth.permission", "pk": 24, "fields": {"name": "Can view session", "content_type": 6, "codename": "view_session"}}, {"model": "auth.permission", "pk": 25, "fields": {"name": "Can add hiragana", "content_type": 7, "codename": "add_hiragana"}}, {"model": "auth.permission", "pk": 26, "fields": {"name": "Can change hiragana", "content_type": 7, "codename": "change_hiragana"}}, {"model": "auth.permission", "pk": 27, "fields": {"name": "Can delete hiragana", "content_type": 7, "codename": "delete_hiragana"}}, {"model": "auth.permission", "pk": 28, "fields": {"name": "Can view hiragana", "content_type": 7, "codename": "view_hiragana"}}, {"model": "auth.permission", "pk": 29, "fields": {"name": "Can add levels", "content_type": 8, "codename": "add_levels"}}, {"model": "auth.permission", "pk": 30, "fields": {"name": "Can change levels", "content_type": 8, "codename": "change_levels"}}, {"model": "auth.permission", "pk": 31, "fields": {"name": "Can delete levels", "content_type": 8, "codename": "delete_levels"}}, {"model": "auth.permission", "pk": 32, "fields": {"name": "Can view levels", "content_type": 8, "codename": "view_levels"}}, {"model": "auth.permission", "pk": 33, "fields": {"name": "Can add stats", "content_type": 9, "codename": "add_stats"}}, {"model": "auth.permission", "pk": 34, "fields": {"name": "Can change stats", "content_type": 9, "codename": "change_stats"}}, {"model": "auth.permission", "pk": 35, "fields": {"name": "Can delete stats", "content_type": 9, "codename": "delete_stats"}}, {"model": "auth.permission", "pk": 36, "fields": {"name": "Can view stats", "content_type": 9, "codename": "view_stats"}}, {"model": "auth.permission", "pk": 37, "fields": {"name": "Can start medium level", "content_type": 9, "codename": "medium_level"}}, {"model": "auth.permission", "pk": 38, "fields": {"name": "Can start hard level", "content_type": 9, "codename": "hard_level"}}, {"model": "auth.permission", "pk": 39, "fields": {"name": "Can start mixed level", "content_type": 9, "codename": "mixed_level"}}, {"model": "auth.permission", "pk": 40, "fields": {"name": "Can login to api", "content_type": 9, "codename": "api"}}, {"model": "auth.permission", "pk": 41, "fields": {"name": "Can start diacritics level", "content_type": 9, "codename": "diacritics"}}, {"model": "auth.user", "pk": 1, "fields": {"password": "pbkdf2_sha256$120000$verC0fwaxWl1$4IzRZDm93kT6JEMcP+mQ1AseTNra0Zy8THRCgO2ZC2o=", "last_login": "2019-04-11T16:13:45.904Z", "is_superuser": true, "username": "zooyl", "first_name": "", "last_name": "", "email": "test@test.pl", "is_staff": true, "is_active": true, "date_joined": "2019-03-13T16:42:11.215Z", "groups": [], "user_permissions": [37]}}, {"model": "auth.user", "pk": 2, "fields": {"password": "pbkdf2_sha256$120000$R6e6T4RPesKt$45EUxsITTMj0rxjooFOS8W+KW54XAVt3lVg80BYgu/4=", "last_login": "2019-03-15T08:34:58.581Z", "is_superuser": false, "username": "tester1", "first_name": "", "last_name": "", "email": "testowy@mail.com", "is_staff": false, "is_active": true, "date_joined": "2019-03-13T16:42:58.609Z", "groups": [], "user_permissions": [38, 37, 39]}}, {"model": "auth.user", "pk": 3, "fields": {"password": "pbkdf2_sha256$120000$2jCQOpqlyNMS$9jpoIeGuKbFopiPf+VhZdwQTjRTjqRdVukoruygoHsg=", "last_login": "2019-03-14T08:45:51.508Z", "is_superuser": false, "username": "kappa", "first_name": "", "last_name": "", "email": "kappa@mail.com", "is_staff": false, "is_active": true, "date_joined": "2019-03-14T08:45:44.361Z", "groups": [], "user_permissions": []}}, {"model": "auth.user", "pk": 4, "fields": {"password": "pbkdf2_sha256$120000$P1Hj2IV1oZzS$aZRpM9LYHXrb7GeRUMFgjfpAqWjdNLnyedMYjcOvsEA=", "last_login": "2019-03-15T12:45:08.162Z", "is_superuser": false, "username": "KumpelWonsza", "first_name": "", "last_name": "", "email": "kumpel@mail.com", "is_staff": false, "is_active": true, "date_joined": "2019-03-14T09:44:37.182Z", "groups": [], "user_permissions": [37]}}, {"model": "auth.user", "pk": 5, "fields": {"password": "pbkdf2_sha256$120000$NpboN7yPoAOZ$QZEtljXbsAIMDM5+Bp627XXxbqQPFRuhwklMOPk34IM=", "last_login": "2019-03-15T08:49:00.091Z", "is_superuser": false, "username": "WscieklePiesciWeza", "first_name": "", "last_name": "", "email": "wsciekly@wp.pl", "is_staff": false, "is_active": true, "date_joined": "2019-03-14T10:01:13.419Z", "groups": [], "user_permissions": [37]}}, {"model": "auth.user", "pk": 6, "fields": {"password": "pbkdf2_sha256$120000$iQoo0gBYMdj2$6+yNgGQACY3WNq7MHpPiWae4khxKznsoxLr4ec0iGGc=", "last_login": "2019-03-18T15:24:16.685Z", "is_superuser": false, "username": "JacekOtwierajSzampana", "first_name": "", "last_name": "", "email": "szampan@wp.pl", "is_staff": false, "is_active": true, "date_joined": "2019-03-15T07:16:54.185Z", "groups": [], "user_permissions": [38, 37, 39]}}, {"model": "auth.user", "pk": 7, "fields": {"password": "pbkdf2_sha256$120000$8CJQNiyEYtsT$k24TfYQEjNWf836PYUOlW9nckBsX2Suad/vO1zGpc0U=", "last_login": "2019-03-15T08:35:50.724Z", "is_superuser": false, "username": "OlaZerujeTequile", "first_name": "", "last_name": "", "email": "tequila@wp.pl", "is_staff": false, "is_active": true, "date_joined": "2019-03-15T08:28:10.184Z", "groups": [], "user_permissions": [38, 37, 39]}}, {"model": "auth.user", "pk": 8, "fields": {"password": "pbkdf2_sha256$120000$ewHjwB3FPoJS$uLg8g4oj8dRI/oj43CimNg4QSah7QEgZLirkEo6egpY=", "last_login": null, "is_superuser": false, "username": "TinTin", "first_name": "", "last_name": "", "email": "TinTin@wp.pl", "is_staff": false, "is_active": true, "date_joined": "2019-03-15T08:29:39.735Z", "groups": [], "user_permissions": []}}, {"model": "auth.user", "pk": 9, "fields": {"password": "pbkdf2_sha256$120000$TYm2yw66qqDl$Yw8oTHi8k7NFwWBjRKsZX5ZVYAkbcf/engytXrERTEQ=", "last_login": "2019-03-15T10:10:51.616Z", "is_superuser": false, "username": "jacapraca", "first_name": "", "last_name": "", "email": "jaca@wp.pl", "is_staff": false, "is_active": true, "date_joined": "2019-03-15T10:10:40.529Z", "groups": [], "user_permissions": []}}, {"model": "auth.user", "pk": 10, "fields": {"password": "pbkdf2_sha256$120000$eduJxp6yTWRB$tWo0zoY1pFYf/k3Yg9swvt+/bNjk7QPqXT6n4/MXidY=", "last_login": "2019-03-15T10:13:14.934Z", "is_superuser": false, "username": "none", "first_name": "", "last_name": "", "email": "aa@wp.pl", "is_staff": false, "is_active": true, "date_joined": "2019-03-15T10:13:07.742Z", "groups": [], "user_permissions": []}}, {"model": "auth.user", "pk": 11, "fields": {"password": "pbkdf2_sha256$120000$wONGo06f7nGm$wg4GAnQg0M6qhA5/oO1KZ1p2J4HB5dlqBNCu/OOeUh8=", "last_login": null, "is_superuser": false, "username": "PutIn", "first_name": "", "last_name": "", "email": "jacekkkk@wp.pl", "is_staff": false, "is_active": true, "date_joined": "2019-03-15T12:41:09.461Z", "groups": [], "user_permissions": []}}, {"model": "auth.user", "pk": 12, "fields": {"password": "pbkdf2_sha256$120000$JrAH4md4KR9L$mRgKhlLmMZ7sqBguZpsubJXaeCqoTSHY5f3RyqxhcAA=", "last_login": "2019-03-15T12:42:15.217Z", "is_superuser": false, "username": "ASDasd", "first_name": "", "last_name": "", "email": "asd@wp.pl", "is_staff": false, "is_active": true, "date_joined": "2019-03-15T12:42:02.792Z", "groups": [], "user_permissions": []}}, {"model": "auth.user", "pk": 13, "fields": {"password": "pbkdf2_sha256$120000$9TT8lqrNNQKl$JEbZhoLSlCUKyblKN7ogNRGfVO3PNNkw+Y5hMHUUQb8=", "last_login": "2019-03-18T13:44:49.260Z", "is_superuser": false, "username": "demo", "first_name": "", "last_name": "", "email": "demo@demo.pl", "is_staff": false, "is_active": true, "date_joined": "2019-03-16T07:41:46.723Z", "groups": [], "user_permissions": []}}, {"model": "auth.user", "pk": 20, "fields": {"password": "pbkdf2_sha256$120000$8sjYF5RfdV8A$2cP2grtKaISQqtPTXq5gCHzpt8UsoBrSqkcVhl3D/mk=", "last_login": null, "is_superuser": false, "username": "testmaila", "first_name": "", "last_name": "", "email": "butoy@click-mail.net", "is_staff": false, "is_active": true, "date_joined": "2019-03-21T08:17:32.093Z", "groups": [], "user_permissions": []}}, {"model": "auth.user", "pk": 21, "fields": {"password": "pbkdf2_sha256$120000$o6jTuQFnmcqb$1or/S4TrFum3FnNxtajfcMAuGtE2NzsXKRVY2npT8iM=", "last_login": "2019-03-21T08:35:53.354Z", "is_superuser": false, "username": "fullmaildone", "first_name": "", "last_name": "", "email": "sonet@webtempmail.online", "is_staff": false, "is_active": true, "date_joined": "2019-03-21T08:29:51.331Z", "groups": [], "user_permissions": []}}, {"model": "auth.user", "pk": 22, "fields": {"password": "pbkdf2_sha256$120000$cY2hGpVs6sbX$lcygB7xoBhEHq7qHLYkY0ETPSXGMstSqyx0jqiBJZ0M=", "last_login": "2019-03-21T08:39:01.799Z", "is_superuser": false, "username": "mdw", "first_name": "", "last_name": "", "email": "vozopiyo@globaleuro.net", "is_staff": false, "is_active": true, "date_joined": "2019-03-21T08:37:56.686Z", "groups": [], "user_permissions": []}}, {"model": "auth.user", "pk": 23, "fields": {"password": "pbkdf2_sha256$120000$sVclqYS1j2My$aCujpc4Z+nmZ7sp+cJUgXEXkNI4ySdd2VCJ+6X21ODU=", "last_login": null, "is_superuser": false, "username": "kolejnytest", "first_name": "", "last_name": "", "email": "cuspuyostu@desoz.com", "is_staff": false, "is_active": true, "date_joined": "2019-03-21T08:59:30.877Z", "groups": [], "user_permissions": []}}, {"model": "auth.user", "pk": 24, "fields": {"password": "pbkdf2_sha256$120000$KCSpUNKDuywG$nKYulvCvBe0EGteX5gGMnSXn6tS8CzJRvqertSWcPR4=", "last_login": null, "is_superuser": false, "username": "auu", "first_name": "", "last_name": "", "email": "curonomoge@quick-mail.online", "is_staff": false, "is_active": true, "date_joined": "2019-03-21T09:00:22.484Z", "groups": [], "user_permissions": []}}, {"model": "auth.user", "pk": 29, "fields": {"password": "pbkdf2_sha256$120000$uZWfV04GHO16$mdpIHU0ib3VK71CFmzxmRiSlqRWgFhbGVSX3Uhl0RhI=", "last_login": "2019-03-26T18:29:37.838Z", "is_superuser": false, "username": "mailer", "first_name": "", "last_name": "", "email": "zibajo@net-solution.info", "is_staff": false, "is_active": true, "date_joined": "2019-03-26T18:26:01.904Z", "groups": [], "user_permissions": []}}, {"model": "Hiragana.stats", "pk": 1, "fields": {"user": 2, "completed": 16, "attempts": 54, "streak": 0}}, {"model": "Hiragana.stats", "pk": 2, "fields": {"user": 3, "completed": 0, "attempts": 0, "streak": 0}}, {"model": "Hiragana.stats", "pk": 3, "fields": {"user": 1, "completed": 5, "attempts": 43, "streak": 0}}, {"model": "Hiragana.stats", "pk": 4, "fields": {"user": 4, "completed": 20, "attempts": 241, "streak": 0}}, {"model": "Hiragana.stats", "pk": 5, "fields": {"user": 5, "completed": 7, "attempts": 51, "streak": 0}}, {"model": "Hiragana.stats", "pk": 6, "fields": {"user": 6, "completed": 35, "attempts": 391, "streak": 0}}, {"model": "Hiragana.stats", "pk": 7, "fields": {"user": 7, "completed": 16, "attempts": 116, "streak": 0}}, {"model": "Hiragana.stats", "pk": 8, "fields": {"user": 8, "completed": 0, "attempts": 0, "streak": 0}}, {"model": "Hiragana.stats", "pk": 9, "fields": {"user": 9, "completed": 1, "attempts": 6, "streak": 0}}, {"model": "Hiragana.stats", "pk": 10, "fields": {"user": 10, "completed": 1, "attempts": 19, "streak": 0}}, {"model": "Hiragana.stats", "pk": 11, "fields": {"user": 11, "completed": 0, "attempts": 0, "streak": 0}}, {"model": "Hiragana.stats", "pk": 12, "fields": {"user": 12, "completed": 1, "attempts": 8, "streak": 0}}, {"model": "Hiragana.stats", "pk": 13, "fields": {"user": 13, "completed": 0, "attempts": 0, "streak": 0}}, {"model": "Hiragana.stats", "pk": 14, "fields": {"user": 20, "completed": 0, "attempts": 0, "streak": 0}}, {"model": "Hiragana.stats", "pk": 15, "fields": {"user": 21, "completed": 1, "attempts": 5, "streak": 0}}, {"model": "Hiragana.stats", "pk": 16, "fields": {"user": 22, "completed": 0, "attempts": 0, "streak": 0}}, {"model": "Hiragana.stats", "pk": 17, "fields": {"user": 23, "completed": 0, "attempts": 0, "streak": 0}}, {"model": "Hiragana.stats", "pk": 18, "fields": {"user": 24, "completed": 0, "attempts": 0, "streak": 0}}, {"model": "Hiragana.stats", "pk": 19, "fields": {"user": 29, "completed": 1, "attempts": 8, "streak": 0}}]